<!--
WARNING: THIS IS AN AUTO-GENERATED FILE. CHANGES TO IT ARE LIKELY TO BE
OVERWRITTEN AND LOST. Changes to this xml configuration should be made using:
  virsh nwfilter-edit no-mac-spoofing
or other application using the libvirt API.
-->

<filter name='no-mac-spoofing' chain='mac' priority='-800'>
  <uuid>d6f5cfd6-d632-46d2-a332-8e561beea41b</uuid>
  <rule action='return' direction='out' priority='500'>
    <mac srcmacaddr='$MAC'/>
  </rule>
  <rule action='drop' direction='out' priority='500'>
    <mac/>
  </rule>
</filter>
